Channel,LSF Clip Count,Pad 1,Pad 2,Follower Count
Nmplol,774,,,819649
xQcOW,679,,,5908221
Mizkif,663,,,1455405
HasanAbi,378,,,1341326
ludwig,212,,,2798071
Asmongold,122,,,2063264
sodapoppin,114,,,3047725
pokelawls,83,,,900651
forsen,81,,,1544677
erobb221,75,,,297482
AdinRoss,72,,,4259580
loltyler1,63,,,4366467
QTCinderella,57,,,397955
Maya,57,,,469966
G4TV,54,,,63146
EsfandTV,52,,,848704
Destiny,51,,,662276
HAchubby,51,,,282429
Jerma985,48,,,579210
ClintStevens,44,,,486645
Kaceytron,40,,,557461
Trainwreckstv,39,,,1421979
CodeMiko,37,,,749888
pokimane,35,,,7954954
Quin69,33,,,605810
Jinnytty,31,,,583549
ItsSlikeR,31,,,378316
AustinShow,29,,,1492937
FEDMYSTER,28,,,548791
WePlayDota,28,,,340288
Atrioc,27,,,123808
summit1g,26,,,5937640
AvoidingThePuddle,26,,,371236
willneff,26,,,229339
LIRIK,24,,,2801171
Sykkuno,24,,,3516458
JustaMinx,23,,,1542608
sushipotato,23,,,28565
Russel,22,,,126414
roflgator,22,,,220429
m0xyy,21,,,597290
NymN,21,,,277737
Hungrybox,19,,,330807
TPAIN,19,,,631020
Stanz,19,,,66190
Northernlion,19,,,447148
PaymoneyWubby,19,,,470026
ConnorEatsPants,19,,,553302
cyr,18,,,348988
BotezLive,17,,,855203
TheStockGuy,16,,,260735
shroud,16,,,9289867
Knut,15,,,140981
MOONMOON,15,,,1085568
39daph,15,,,886455
Limmy,14,,,314596
koil,14,,,408715
TimTheTatman,14,,,6723389
AndyMilonakis,14,,,588201
zackrawrr,12,,,422755
jakenbakeLIVE,12,,,544677
Zoil,12,,,42617
michaelreeves,12,,,1357371
buddha,11,,,587014
melina,10,,,682102
TommyKayLIVE,10,,,200438
Tradi3,10,,,9830
Tealhollow1,10,,,6279
Alinity,10,,,1336408
Simply,10,,,196468
Sweet_Anita,10,,,1720186
robcdee,10,,,162066
MurderCrumpet,10,,,56754
GLmood1,10,,,4964
dreamwastaken,10,,,4907849
sennyk4,9,,,17662
AnthonyZ,9,,,384141
moistcr1tikal,9,,,2836460
peterparkTV,9,,,507179
PandaTV,9,,,170756
ESL_CSGO,9,,,4772644
supertf,8,,,344046
babbsity,8,,,58429
HealthyGamer_GG,8,,,522321
omie,8,,,33653
DisguisedToast,8,,,1984187
E3,8,,,299953
BruceDropEmOff,8,,,252048
appyturk,7,,,12262
xxntyuiop,7,,,11595
RelicKris,7,,,6918
Stonepa,7,,,22389
fuslie,7,,,966582
Ming,7,,,146103
Burn,7,,,199603
Moty201,7,,,6279
Holls8,7,,,11739
bigcocobuns,6,,,2053
AnnieFuchsia,6,,,263939
tyongeee,6,,,52692
ScaryRussianWizard,6,,,19914
splucy,6,,,25100
PENTA,6,,,259286
CrazySlick,6,,,46643
Gorgc,6,,,467719
Ramee,6,,,377103
Obluwuda,6,,,54
dunkstream,6,,,806520
poopernoodle,6,,,52375
WePlayDotaB,6,,,87202
WARHURYEAH,5,,,15411
sips_,5,,,505780
ChristianTG92,5,,,7943
HamFreeze,5,,,376
Whaazz,5,,,154737
JuvX,5,,,2194
Artosis,5,,,121834
aceu,5,,,1656679
Angelic,5,,,15053
Rellik,5,,,17013
AverageHarry_,5,,,11270
KristoferYee,5,,,285721
Autumn_VR,5,,,40322
nl_Kripp,5,,,1388509
Doublelift,5,,,1555890
ArchJP,5,,,3693
Calebhart42,5,,,188758
ReniLuce,5,,,996
garytheproducer,5,,,12085
HappyThoughts,5,,,46246
JokerdTV,5,,,203012
ShuriKento,5,,,1468
chess24,5,,,124274
Masayoshi,4,,,432035
Emiru,4,,,308112
Yassuo,4,,,2010135
Bart,4,,,23839
Jankos,4,,,990393
Tfue,4,,,10463322
CohhCarnage,4,,,1364097
BrittanyyS,4,,,4122
stevewillsendit,4,,,359460
richwcampbell,4,,,215358
Whippy,4,,,340836
murrdoggin,4,,,1878
hJune,4,,,450337
Kyle,4,,,354859
LAGTVMaximusBlack,4,,,314137
InciteTV,4,,,4011
Nezba,4,,,15307
BLASTPremier,4,,,983656
xChocoBars,4,,,859744
sashagrey,4,,,881195
Hiko,4,,,1496248
Luki,4,,,39007
yourragegaming,4,,,585715
snuffles,4,,,6729
cdewx,4,,,414691
Murda,4,,,119631
MarineMammalRescue,4,,,135151
BTMC,3,,,303313
itsRyanHiga,3,,,613706
TenZ,3,,,1447547
TEArazi,3,,,277
uxieu,3,,,16709
Retrora,3,,,7089
LogicDefender,3,,,595
Method,3,,,368141
LVNDMARK,3,,,572855
Ray__C,3,,,333967
Reckful,3,,,923198
supcaitlin,3,,,97546
Weest,3,,,148134
TheAlbertChang,3,,,306613
imls,3,,,531312
Camilo,3,,,18655
Tubbo,3,,,3902567
AstroAnie,3,,,9198
Dareon,3,,,46166
VGBootCamp,3,,,533980
RayInTheCity,3,,,16001
mang0,3,,,404746
Aweflesh,3,,,88
adeptthebest,3,,,440370
Z_Laner,3,,,38114
T3o_ow,3,,,189
AdmiralBahroo,3,,,835625
FranzJx,3,,,103078
Alll_E,3,,,92
Cardboard_Cowboy,3,,,52205
allmountain,3,,,1902
tarik,3,,,887715
Wirtual,3,,,94100
The_Happy_Hob,3,,,246431
Vylerria,3,,,319077
Myth,3,,,7232568
iamasiku,3,,,2150
natehowwwe,3,,,4071
Nueg,3,,,9063
PotasticP,3,,,318991
sleepy,3,,,528035
PanzLUL,3,,,237
Castoreh,3,,,4820
MrP1ll0w,3,,,130
pilvyy,3,,,1590
Jessica_Bangkok,3,,,3137
Empirrre,3,,,56891
HighMiZe,3,,,236
Leffen,3,,,323061
watchglo,3,,,2457
JERICHO,3,,,1199641
clint1717,3,,,17615
neeko,3,,,385443
Kitboga,3,,,971227
bkozers,3,,,751
DominatorJ,3,,,4800
KISHl_,3,,,421
milkypuff,3,,,27973
Scarra,3,,,1474721
VALORANT,3,,,1066938
Lord_slash,2,,,2742
DrLupo,2,,,4462822
JonZherka,2,,,164972
Amouranth,2,,,3673155
LosPollosTV,2,,,586620
TartTizzle,2,,,60
InfraredShow,2,,,3713
bratiki94,2,,,117876
Miklaws,2,,,93
SwaggerSouls,2,,,1429003
RatedEpicz,2,,,427554
LucaNuts,2,,,4
Yunicorn19,2,,,73860
EleeMoon,2,,,44149
maninjapan,2,,,671
ibabyrainbow,2,,,112812
lukeafkfan,2,,,118579
AccountBanned,2,,,83
Giantwaffle,2,,,867487
Skean,2,,,1879
Ahrelevant,2,,,12077
helloitskolo,2,,,33146
Lacari,2,,,229858
miadashhh,2,,,942
Reydempto,2,,,444
SliteKonto,2,,,1787
TheSushiDragon,2,,,251387
LCK,2,,,1172195
apichy,2,,,2014
lilypichu,2,,,2168583
lil_miss_nikki,2,,,1623
DeamonMachine,2,,,49859
Plushys,2,,,411030
dasMEHDI,2,,,395266
KANNO,2,,,13736
PSP1G,2,,,10027
Kandyland,2,,,426096
DatModz,2,,,291178
imaqtpie,2,,,2616925
itspolarlive,2,,,363
Xposed,2,,,361250
Dyrus,2,,,1461704
babeeyyy,2,,,2808
AdrianaChechik_,2,,,433025
hotline_radio,2,,,137
TheNicoleT,2,,,425280
BrookeAB,2,,,1141603
nezst,2,,,2056
annabeezyy,2,,,2194
AriaInthavong,2,,,3768
Drunkmers,2,,,7912
triciaisabirdy,2,,,59670
IrisKymm,2,,,9117
poppybox,2,,,2790
alternateAU,2,,,8251
Biotoxz_,2,,,48240
m0E_tv,2,,,870607
NephewQuin,2,,,12273
Crayator,2,,,722740
Arcadum,2,,,257687
noelmiller,2,,,468101
Paisachu,2,,,9730
crookedsmilegang,2,,,106
sollydelight,2,,,18
Gergacion,2,,,2284
TheXanos,2,,,2563
licknuke,2,,,856
kato_kat,2,,,19856
feaneds,2,,,268
x5_PiG,2,,,81872
DarlinMarina,2,,,130
AntPrevails,2,,,1922
DEMOLITION_D,2,,,98235
AngryJoeShow,2,,,595917
SuopOnTwitch,2,,,58120
Vargskelethor,2,,,329415
ClosetSkully,2,,,397
souljaboy,2,,,760039
cloakzy,2,,,2587062
serotonin21,2,,,2282
whodat950,2,,,4016
Jonthebroski,2,,,71088
NICKMERCS,2,,,5833770
A_Seagull,2,,,1003983
cashmeow,2,,,22374
AyeZee,2,,,82638
ofeliabear,2,,,28507
thegameawards,2,,,720382
dellor,2,,,638035
GIRU,2,,,41878
Maximilian_DOOD,2,,,950350
sludgebombtv,2,,,1689
BigBenOfficial,2,,,231
thelegendarywes,2,,,1558
TWIX,2,,,1829
kyliebitkin,2,,,173914
RottenPapi,2,,,28625
Twoootles,2,,,7453
ImKaiCenat,2,,,252322
Brofain,2,,,66851
JadeIsaBoss,2,,,18296
QueenNezara,2,,,74
Harry,2,,,66412
just_ns,2,,,384538
uzumakikhan786,2,,,48443
mr_bulbs,2,,,16
jonsf,2,,,3685
Thetedster33,2,,,735
Five0AnthO,2,,,168948
TheSailor,2,,,1279
CriticalRole,2,,,784804
Tiny_Guac,2,,,3567
iamiamnotachair,2,,,8
Velyna,2,,,10959
magibe,2,,,279
woggles,2,,,4056
Sanchovies,2,,,283233
SmallAnt,2,,,687763
hyubsama,2,,,59346
iEXP,2,,,7601
Alisha,2,,,143885
Crystalst,2,,,138057
DaddyMcDickson,2,,,91
crazy_japanese,2,,,18776
CashApp,1,,,484815
TwitchRivals,1,,,1790285
MisterZombie,1,,,361
FatTosser,1,,,10354
therealfoxyface,1,,,1950
TheBaesed,1,,,1099
Primroze,1,,,37713
Lighty,1,,,13395
Arestti,1,,,1852
Bridgett,1,,,141567
Hera,1,,,94514
ZYADbaby,1,,,54
FaruIRL,1,,,1962
StarLadder_cs_en,1,,,772720
Zayzid,1,,,761
IZIDORE,1,,,21461
Awkwards_Travel,1,,,80144
richypink,1,,,3069
StainedSpear,1,,,79
space,1,,,106217
WatchGamesTV,1,,,66214
Akademiks,1,,,312474
Tristop,1,,,384
BLOU,1,,,99118
AeriytheNeko,1,,,5768
beetlebreakdown,1,,,24
jayversace,1,,,5523
ChilledChaos,1,,,348960
Electric_Mermaid,1,,,4552
glitzwat,1,,,65
resttpowered,1,,,307232
Napolio_,1,,,20
bozzy_live,1,,,562
Tonppas,1,,,10
lilGABAgool,1,,,341
k3soju,1,,,194477
boyfluids,1,,,15
Badinfos,1,,,1801
GuyAlphaTTV,1,,,106
JoshDoesStuf,1,,,56
EXBC,1,,,152599
Lunkules,1,,,5292
Gladd,1,,,435672
PurePofi,1,,,6842
slipperynip,1,,,8433
stepsonjohan,1,,,1242
GarretLA,1,,,2795
MrPillow5,1,,,10971
Kiiika,1,,,3826
Joe_Bartolozzi,1,,,311446
TheDanDangler,1,,,169916
Treadmilling,1,,,2630
scorterganger,1,,,151
Vidal101,1,,,12
ProbablyladLIV3,1,,,647
ItsNatashaFFS,1,,,73662
ghazzytv,1,,,51166
StaysafeTV,1,,,183466
rinainu,1,,,110
bottlehead,1,,,601
RPSdutch17,1,,,255
bananabrea,1,,,175147
MrTinoz,1,,,388
Gatfrig,1,,,369
인간젤리,1,,,0
ItsTexX__,1,,,69
thereal3uro,1,,,137
GradientMist,1,,,320
LimKisuk,1,,,79
prezoh,1,,,11769
AshpIay,1,,,413
JaewookTV,1,,,1368
AyaYoshie,1,,,3948
frootmoon,1,,,442
PredPoachers,1,,,1367
stoned_scorpio,1,,,74
lilmark0_,1,,,184
Omgwthdude,1,,,214
AngelicArdour,1,,,82
CallMeKevin,1,,,472916
lordlumen,1,,,579
arjun_pillai,1,,,23
p0oya,1,,,500
Dillonkillen,1,,,565
Emmri,1,,,5634
KaaruJP,1,,,532
Kuri,1,,,3387
SubDocta,1,,,10212
PiscesPixie,1,,,22046
makeoutro,1,,,61
SoapVar,1,,,697
ShackyHD,1,,,223812
Lobanjicaa,1,,,329873
Loco_Mobius,1,,,1
syk1k_,1,,,778
GuyGudoy,1,,,397
littl3bean,1,,,1298
baboh,1,,,152
Silver_Shot,1,,,3026
DatDodger,1,,,3288
AshVilhelm,1,,,2023
RosieRiver,1,,,104395
Enviosity,1,,,341093
Kasdwer,1,,,244
XKingCalebLive,1,,,248
ItzSpoogy,1,,,394
Zirene,1,,,31790
gatorkissman,1,,,2899
s0mcs,1,,,265599
sordiway,1,,,14986
family_jewelz,1,,,93
SauceWasTaken,1,,,12
bearbubb,1,,,39061
Davdusen_,1,,,347
MissAnitaBump,1,,,331
bubVT,1,,,12583
udysof,1,,,9183
ViktorNess,1,,,78
FlynnOk,1,,,23034
OnlyJoeyD,1,,,16741
MrMouton,1,,,43134
Zmok,1,,,84566
greekpapaya,1,,,163
The_Dent,1,,,20154
noycebru,1,,,2082
OldManSani,1,,,1200
NatoSR,1,,,75
Masterfiend,1,,,50503
redfoxrockinsox,1,,,10
winterweki,1,,,416
OzzieGoldDog,1,,,202
Ezekiel_III,1,,,196669
PinkButterflyMan,1,,,57412
Kareykadasha,1,,,236977
Crroe,1,,,2960
UberHaxorNova,1,,,485495
Symfuhny,1,,,3304410
JusBlazeArmy,1,,,768
xSnel,1,,,963
Zack_Ko,1,,,6293
timmyjenks,1,,,315
Grechi,1,,,39137
UniqueGeese,1,,,12941
PatienceFPS,1,,,86
F1NN5TER,1,,,346560
shapyafterhours,1,,,3055
수련수련,1,,,0
nl_crooked,1,,,88
MissCoookiez,1,,,182446
SaltyPhish,1,,,157987
xmarlyx,1,,,630
kkatamina,1,,,279411
Ailee_Official,1,,,33220
JohnOfTheForestTV,1,,,5100
JOLLZTV,1,,,16973
matrh88,1,,,583
DreamLord221B,1,,,487
Pugiee,1,,,1501
TuhRel,1,,,134
ShahZaM,1,,,623885
emilycc,1,,,110996
watchmeblink,1,,,82108
masondota2,1,,,163785
Bro_Sapiens,1,,,27
Xay0mi,1,,,2438
JOEYKAOTYK,1,,,91944
TheOnlyJamDodge,1,,,101
UnNameD1223,1,,,492
ArtyZiFFGaming,1,,,1370
whiiepz,1,,,62
ACraftyJellyfish,1,,,1783
Sydeon,1,,,226049
Chaisia,1,,,1815
Fern270,1,,,6093
newtronlive,1,,,1399
CookSux,1,,,21584
xRawzhy,1,,,469
Carter,1,,,23505
佐藤伊杉,1,,,0
Scrubing,1,,,75949
TubboLIVE,1,,,1492600
burntgouda,1,,,1566
valerie_ann,1,,,32
StratBecker,1,,,758
Yogscast,1,,,917431
Tomato,1,,,117119
bionicpigtv,1,,,22943
StarbyteTV,1,,,828
LetsGameItOut,1,,,263252
MarysMilkMonsters,1,,,26403
HutchMF,1,,,157516
NASA,1,,,1130864
Silfy_Star,1,,,42015
Karna,1,,,52323
TrashyUncle,1,,,153
oozePOP,1,,,533
Phenbo,1,,,139
cupvalorant,1,,,67
SaLtYCoWs,1,,,145
NegiNeko_Tokyo,1,,,6032
LunaOni,1,,,89189
RTGame,1,,,1022002
JrabbitLive,1,,,6931
SumitoMedia,1,,,8706
Zabstract_,1,,,20
spokermann,1,,,2260
Bum1six3,1,,,65461
Midget_Miki,1,,,5834
mutemin,1,,,35
TSM_ImperialHal,1,,,900624
NextStepNick,1,,,940
CearaLynch,1,,,1257
Das_Food,1,,,398
ZorudaRinku,1,,,174
wantep,1,,,51668
LEC,1,,,1434045
ChauMayn,1,,,438
BradKozyLive,1,,,3087
KingsFallUK,1,,,1176
yu_song,1,,,3698
eS1mulae,1,,,96
VanderForge,1,,,36151
Moboking,1,,,26143
AquaFPS,1,,,275444
EllenVy,1,,,82808
ChiefMufasaTV,1,,,2295
QuarterJade,1,,,688393
FortyOne,1,,,107069
DilboDabbgins,1,,,2868
HardwareBBQ,1,,,168
Plavii_,1,,,535
Kasparovchess,1,,,14130
Syndicate,1,,,3125459
KanaGang,1,,,32530
CLOUDYn_n,1,,,23
Krose_Officiel,1,,,2143
princessdroneflake,1,,,488
funnyspinningtails,1,,,364
BeeRamune,1,,,75
퀸마요,1,,,0
deadmau5,1,,,493948
aNdy_NR,1,,,377
KYR_SP33DY,1,,,758970
DelightfullyDani,1,,,28509
uwumi,1,,,27689
Yoma97,1,,,6703
Pep_Talks,1,,,6571
TriPolarBare,1,,,8949
Glassmancometh,1,,,21184
TyranitarLR,1,,,907
RaynRaps,1,,,4594
KimDongUn69,1,,,25
rubiesgg,1,,,1721
FaZe,1,,,386992
Geestargames,1,,,38284
Logans_House,1,,,2746
JaboodyShow,1,,,87823
Tettrum,1,,,456
SK_plz,1,,,10504
Linkus7,1,,,180916
zinex98,1,,,84
firedancer,1,,,72271
lol_nemesis,1,,,405298
Flights1,1,,,291704
Swyke,1,,,59
thatgirlsue,1,,,35986
DaDexo,1,,,3058
DjFish,1,,,181
tequila_ssbm,1,,,361
emmzyplays,1,,,6827
HappyTheGreatt,1,,,25
Somjuu,1,,,45060
Lgndv,1,,,1332
TheAn1meMan,1,,,288736
iceiceice,1,,,221754
B1GB3N,1,,,115
kragiee,1,,,279307
georgehotz,1,,,55186
3ryce,1,,,1203
f4tchiken,1,,,67
TheGudZucc,1,,,128
heavenlyreyna,1,,,14633
nicoletompkins,1,,,27574
RoughGaming_,1,,,1260
ChoomRoom,1,,,1328
mantistobagan,1,,,48341
JapandyJones,1,,,21537
72hrs,1,,,1059032
shine_ee,1,,,12083
Carwho,1,,,2235
PRAWLN,1,,,11608
MargauxBrooke,1,,,30878
TrulyScott,1,,,1008
LemurKingTV,1,,,405
xqcisoffline,1,,,103915
DailyDasher,1,,,18788
heybbibbi,1,,,2904
im_an_artist_,1,,,326
plbrta,1,,,12520
TheMangaAsura,1,,,2592
CryptoKeif,1,,,11873
RachelKay,1,,,29232
Farfa,1,,,49451
CrackerMilk,1,,,4120
detune,1,,,12987
beanbeanjuice,1,,,177
Arsenal,1,,,167183
goosepilot,1,,,80
TheRealMarzaa,1,,,815137
khangomon,1,,,835
dmetagame,1,,,1699
brittballs,1,,,13102
WildBrass,1,,,9
AlbinoVEVO,1,,,79307
playapex,1,,,448905
PoiyaPng,1,,,11161
ster,1,,,319143
KupaKitsune,1,,,221
LifeOfPri,1,,,2674
RubberNinja,1,,,313035
YuriJoa,1,,,90318
TheBestHeadEver,1,,,1563
RATIRL,1,,,575564
PUBG,1,,,904483
MinusInsanity,1,,,441
LiLLOAFE,1,,,311
DoctorFoxmeat,1,,,7821
NotTayyy,1,,,369
itsfakejapah,1,,,276
ColorWhiteLIVE,1,,,902
Cosmic_Unwind,1,,,9612
squizxy,1,,,84318
Pikminjim69,1,,,160
Ranked1Worldwide,1,,,180
LCS,1,,,1547446
Quackity,1,,,3645415
Delibrew,1,,,259
LoveBoat,1,,,849
event_streamer,1,,,1046
boxbox,1,,,1885908
VicTorrie,1,,,121
Kotton,1,,,269282
VampyVaina,1,,,3289
IlloJuan,1,,,932729
점피지니,1,,,0
febbydoto,1,,,83586
ArthurFebrezie,1,,,99
MafiaJinx,1,,,34541
newyorkspit,1,,,2159
Merc1fuull,1,,,51
taybaybay77,1,,,139
Ravenhoney,1,,,2864
CDawgVA,1,,,362291
AikoBliss,1,,,47981
iMuffinsx3,1,,,20729
MrMeatShower,1,,,122
johnny_now,1,,,5800
msvosch,1,,,12040
PartyPhi,1,,,216
OuterHeaven,1,,,142457
GingerBeardie,1,,,35072
LambbChops,1,,,9106
Lanjok,1,,,25464
GiinaGii,1,,,1160
PremierTwo,1,,,7761
DanGheesling,1,,,99737
ForealTwo,1,,,8812
Robbaz,1,,,239756
gingersoccermom,1,,,2453
itmeJP,1,,,368202
Faizyr,1,,,1272
Cryptodiran,1,,,124
cakejumper,1,,,12157
camillestreamss,1,,,3524
HarleyPlays,1,,,88689
Insomniac_rap,1,,,13682
RetroGaijin,1,,,208756
roxemoji,1,,,1652
TheBigMeech,1,,,39654
Nakkida,1,,,136297
Heimocity,1,,,269
noodletoot,1,,,1125
curiolabTV,1,,,56
lickithong_,1,,,15832
owTako,1,,,40
Iverz76,1,,,10204
Carmen,1,,,174912
twitchgaming,1,,,507454
saintriot,1,,,17695
geenelly,1,,,156005
Myst,1,,,20134
Fextralife,1,,,580811
oasisonoverwatch,1,,,111405
mrgamesontoast,1,,,118
TimmyBumBum,1,,,381
iGamer4tv,1,,,2752
LudicrouslyLuc,1,,,5152
LCTRfan,1,,,7652
AriaSaki,1,,,419201
KTbop,1,,,10114
Beddle,1,,,14346
TwinkleCave,1,,,23429
Primal,1,,,38193
Aztrosist,1,,,47026
FinaoLive,1,,,35702
Thebairdicus,1,,,65
kaiito,1,,,30524
Sorrey,1,,,9556
SpinusTV,1,,,25153
ih3artpew,1,,,2590
QT_MiStAkE,1,,,77
SunnySideJack,1,,,5419
Grahamalot,1,,,8042
AkuYuno,1,,,1575
x8reaps,1,,,3839
AikoRULZ,1,,,3474
LPeach0,1,,,45
Taryn,1,,,61106
JohnxEdwards,1,,,206
BrendanBagwell,1,,,863
Narupoo,1,,,4773
Enluna,1,,,67944
FarsideLive,1,,,1082
Ryan56k,1,,,2175
BryceRiceLive,1,,,169
problings,1,,,19
hyoon,1,,,133946
RaffyXgg,1,,,195
veibae,1,,,342008
SumioSantana,1,,,97
Khoreo,1,,,393
Myre,1,,,14001
TheRealKnossi,1,,,1684729
starsmitten,1,,,202289
BananaDuck,1,,,26228
NormalDifficulty,1,,,36277
Herar,1,,,2788
ItsSky,1,,,241529
Mobuckets,1,,,161696
seanJr212,1,,,516
jaycgee,1,,,129621
muuurccc,1,,,117
TinaKitten,1,,,692871
sneakylol,1,,,1712267
GMNaroditsky,1,,,194601
AyyTrae,1,,,40026
Hotsammysliz,1,,,16153
Shiphtur,1,,,756803
EJ_SA,1,,,62196
donkeyrixi,1,,,105
Blex__,1,,,6809
SakiClub,1,,,685
Castro_1021,1,,,2971354
VansamaOfficial,1,,,136983
B0aty,1,,,534336
froggy,1,,,10817
TimtheEnchanter11,1,,,1104
HrPaff,1,,,6541
artemis_sparks,1,,,549
Ash_on_LoL,1,,,677533
frodo_dabbins,1,,,1278
TurkeeDurkee,1,,,2357
QueennDee,1,,,6686
Milschbaum,1,,,180380
SilentSwordTTV,1,,,7
TheGreatGoobah,1,,,5353
AbdulHD,1,,,293725
WokeNPC,1,,,1930
Nokokopuffs,1,,,218146
MelissaKPlays,1,,,211
Kakeo,1,,,835
Kesshin,1,,,2094
notjoeykaotyk,1,,,9876
gangamurun,1,,,11712
JeremieGGs,1,,,127
mizchiefmagik,1,,,2004
ProspectingTonight,1,,,2031
FloMcNasty_TV,1,,,15384
demilardner,1,,,4929
TheMrSark,1,,,176951
Codyumm,1,,,12088
Tray,1,,,13215
BOTdoBEM,1,,,766
ThorTw3nty,1,,,650
Majinobama,1,,,31757
wellsnobody,1,,,2
maskenissen,1,,,197525
jonnyboosock,1,,,659
BarbarousKing,1,,,164158
LugoStreams,1,,,9
SourSweet,1,,,34163
Abominable_Alien,1,,,29255
Alecludford,1,,,89246
TheSerbian_,1,,,1161
flipkostic,1,,,222
PrimeEdd,1,,,17320
mombie101,1,,,472
doctorbattle,1,,,3572
ZoReee_,1,,,2517
Supersonic540,1,,,3088
JoeCreates,1,,,2983
audreysong,1,,,182
TheKegs,1,,,4120
Br00k3r,1,,,270
Imageful,1,,,978
GSHERM215,1,,,463
CobaltStreak,1,,,354597
RocketLeague,1,,,3233255
Misplacedface,1,,,2402
OfficialBoaster,1,,,106447
ZackHenry,1,,,196
Ceeb__,1,,,1008
NiideaTv,1,,,431
light_goddess,1,,,3647
Noa9x,1,,,1165
소니쇼,1,,,0
Himo,1,,,35287
Dangle1,1,,,857
TFBlade,1,,,1121105
Jaxstyle,1,,,183906
PrestonALewis,1,,,395
Farmhouse78,1,,,17554
kennybeats,1,,,264615
miamalkova,1,,,564283
totoro,1,,,68705
CoconutB,1,,,349964
e1itedeath,1,,,6662
tropicalcurv,1,,,107
SickCakes,1,,,483
Miffyd,1,,,66
Sjokoladen,1,,,12153
Alias_AL,1,,,5251
primevideouk,1,,,12330
MabusGames,1,,,1774
MethewJ,1,,,3621
cosmiqz,1,,,2328
JaggerPrincesa,1,,,768431
TwiggleSoft,1,,,18590
Broughy1322,1,,,72138
mamalizz,1,,,3345
sesert,1,,,434
rlly,1,,,75505
Knotty,1,,,33771
TheSerfsTV,1,,,40612
UV_BlackLight,1,,,3510
kevinjordan,1,,,26433
SteveAoki,1,,,80424
ppim,1,,,13836
GeorgeNotFound,1,,,3881985
TheBelenkaya,1,,,10160
akanadi,1,,,26
SteveSuptic,1,,,247942
ahnue,1,,,66
otaku_cyclist,1,,,1070
Troyfullbuster,1,,,10385
러너교,1,,,0
iamabusss,1,,,191
ChumpzPlayz,1,,,79
LavLilacMoon,1,,,3377
VanillaHush,1,,,233
sinatraa,1,,,720109
cribbenribby,1,,,47
knightenator,1,,,50543
Zerkaa,1,,,935380
ourda_alt,1,,,10
Destroy,1,,,327144
tonyjuniorofficial,1,,,13899
JackJMH_,1,,,718
hamzahthefantastic,1,,,131672
Geksagen,1,,,165388
Halifax,1,,,247622
xiMortalTV,1,,,664
Jabo,1,,,10131
tazzmae,1,,,737
SeptemberFalls,1,,,593
zman_TL,1,,,44
babyfacElijah,1,,,221
RedVelvetWoman,1,,,2169
NVIDIA,1,,,405202
Sweatcicle,1,,,271205
Squeex,1,,,3307
pannari,1,,,18526
airsoftphatty,1,,,83519
eggle69,1,,,19
JoxterTheMighty,1,,,5132
밍선하,1,,,0
itsAshleyAP,1,,,118350
GeoGuy,1,,,2172
Kimmikichi,1,,,6972
MikeMoose64,1,,,277
kkyumingming,1,,,18100
Khaleesi_Live_Tv,1,,,27849
mrekkosu,1,,,90244
KryptonicKat,1,,,13377
CONEY,1,,,50403
NotAnImitaXion,1,,,890
malaki654,1,,,65
Vakin,1,,,17898
ThiccitySplit,1,,,755
Odablock,1,,,177082
요룰레히,1,,,0
Kiaraakitty,1,,,214331
PinkDogx,1,,,3042
Domingo,1,,,1121655
TheGodlyNoob,1,,,298169
Mark50192,1,,,292
Sick_Nerd,1,,,183359
Fawn,1,,,28383
연나비님,1,,,0
jasonsipe,1,,,1855
fofamit,1,,,17978
stinksoxx,1,,,11
ItsPinkie,1,,,42700
Noxris,1,,,934
NitrosMain,1,,,107
Calibury,1,,,3951
0xDEADSTOCK,1,,,343
ItsMeGrace,1,,,1124
TTMGamble,1,,,149
Alchemy,1,,,13606
naverino_,1,,,97
sambucha,1,,,20673
travpiper,1,,,47788
SethDJL,1,,,564
Dorken,1,,,15194
Elyon113,1,,,40
NovaaBerries,1,,,36630
MCanning,1,,,41359
BBBubbz,1,,,1994
Lysium,1,,,196672
APlatypuss,1,,,94207
GooVuu,1,,,106
Spaceboy,1,,,203415
Jake_TheViking,1,,,80320
Pikabooirl,1,,,334879
anthony2v,1,,,629
Timmac,1,,,497314
BilbongBaggies,1,,,571
positivegamerlive,1,,,1018
GoldenCommunist,1,,,154
Skitchless,1,,,4
M4triXttv,1,,,137
